id,title,description,brand,item_group_id,google_product_category,product_type,gtin,mpn,link,mobile_link,image_link,additional_image_links,platform_specific_link,lifestyle_image_link,price,sale_price,sale_price_effective_date,cost_of_goods_sold,availability,age_group,color,gender,size,size_type,material,pattern,condition,product_detail,product_highlight,adult,is_bundle,expiration_date,average_review_rating,number_of_ratings,custom_label_0,custom_label_1,custom_label_2,custom_label_3,custom_label_4,custom_number_0,custom_number_1,custom_number_2,custom_number_3,custom_number_4
1,Wireless Headphones,Premium noise-cancelling wireless headphones with 30-hour battery life.,SoundWave,electronics-general,Electronics > General,Electronics,,SNOO-001,https://snoocommerce.onrender.com/product/1,https://snoocommerce.onrender.com/product/1,https://images.unsplash.com/photo-1505740420928-5e560c06d30e?w=400&h=400&fit=crop,,,,79.99 USD,,,,in stock,adult,,unisex,,,,,new,,,NO,FALSE,,4.5,32,Electronics,Best Sellers,,,,,,,,
2,Minimalist Watch,Elegant minimalist watch with leather strap and sapphire crystal glass.,TimeCraft,accessories-general,Apparel & Accessories > Accessories,Accessories,,SNOO-002,https://snoocommerce.onrender.com/product/2,https://snoocommerce.onrender.com/product/2,https://images.unsplash.com/photo-1523275335684-37898b6baf30?w=400&h=400&fit=crop,,,,149.99 USD,,,,in stock,adult,,unisex,,,,,new,,,NO,FALSE,,4.6,145,Accessories,Best Sellers,,,,,,,,
3,Running Sneakers,Lightweight running shoes with responsive cushioning and breathable mesh.,StridePro,sports-general,Sporting Goods > Exercise & Fitness,Sports,,SNOO-003,https://snoocommerce.onrender.com/product/3,https://snoocommerce.onrender.com/product/3,https://images.unsplash.com/photo-1542291026-7eec264c27ff?w=400&h=400&fit=crop,,,,119.99 USD,,,,in stock,adult,,unisex,,,,,new,,,NO,FALSE,,4.1,72,Sports,Best Sellers,,,,,,,,
4,Leather Backpack,Handcrafted genuine leather backpack with padded laptop compartment.,UrbanCarry,accessories-general,Apparel & Accessories > Accessories,Accessories,,SNOO-004,https://snoocommerce.onrender.com/product/4,https://snoocommerce.onrender.com/product/4,https://images.unsplash.com/photo-1553062407-98eeb64c6a62?w=400&h=400&fit=crop,,,,89.99 USD,,,,in stock,adult,,unisex,,,,,new,,,NO,TRUE,,4.5,299,Accessories,Best Sellers,,,,,,,,
5,Ceramic Mug Set,Set of 4 hand-glazed ceramic mugs in assorted earth-tone colors.,ClayCraft,kitchen-general,Home & Garden > Kitchen,Kitchen,,SNOO-005,https://snoocommerce.onrender.com/product/5,https://snoocommerce.onrender.com/product/5,https://images.unsplash.com/photo-1514228742587-6b1558fcca3d?w=400&h=400&fit=crop,,,,34.99 USD,,,,in stock,adult,,unisex,,,,,new,,,NO,TRUE,,4.0,236,Kitchen,Best Sellers,,,,,,,,
6,Desk Lamp,Modern LED desk lamp with adjustable brightness and color temperature.,LumiDesk,home-general,Home & Garden > Decor,Home,,SNOO-006,https://snoocommerce.onrender.com/product/6,https://snoocommerce.onrender.com/product/6,https://images.unsplash.com/photo-1534073737927-85f1ebff1f5d?w=400&h=400&fit=crop,,,,59.99 USD,,,,in stock,adult,,unisex,,,,,new,,,NO,FALSE,,3.9,67,Home,Best Sellers,,,,,,,,
7,Bluetooth Speaker,Portable waterproof Bluetooth speaker with 360-degree sound and 12-hour battery.,SoundWave,electronics-general,Electronics > General,Electronics,,SNOO-007,https://snoocommerce.onrender.com/product/7,https://snoocommerce.onrender.com/product/7,https://images.unsplash.com/photo-1608043152269-423dbba4e7e1?w=400&h=400&fit=crop,,,,49.99 USD,,,,in stock,adult,,unisex,,,,,new,,,NO,FALSE,,4.1,278,Electronics,,,,,,,,,
8,Yoga Mat,Extra-thick non-slip yoga mat with alignment lines and carrying strap.,ZenFit,sports-general,Sporting Goods > Exercise & Fitness,Sports,,SNOO-008,https://snoocommerce.onrender.com/product/8,https://snoocommerce.onrender.com/product/8,https://images.unsplash.com/photo-1601925260368-ae2f83cf8b7f?w=400&h=400&fit=crop,,,,39.99 USD,,,,in stock,adult,,unisex,,,,,new,,,NO,FALSE,,4.4,307,Sports,,,,,,,,,
9,Stainless Steel Water Bottle,Double-wall insulated bottle that keeps drinks cold 24hrs or hot 12hrs.,HydroFlask,sports-general,Sporting Goods > Exercise & Fitness,Sports,,SNOO-009,https://snoocommerce.onrender.com/product/9,https://snoocommerce.onrender.com/product/9,https://images.unsplash.com/photo-1602143407151-7111542de6e8?w=400&h=400&fit=crop,,,,24.99 USD,,,,in stock,adult,,unisex,,,,,new,,,NO,FALSE,,4.1,299,Sports,,,,,,,,,
10,Scented Candle Set,"Set of 3 soy wax candles in lavender, vanilla, and cedarwood fragrances.",GlowHaven,home-general,Home & Garden > Decor,Home,,SNOO-010,https://snoocommerce.onrender.com/product/10,https://snoocommerce.onrender.com/product/10,https://images.unsplash.com/photo-1602607532287-aaacb8946e4a?w=400&h=400&fit=crop,,,,29.99 USD,,,,in stock,adult,,unisex,,,,,new,,,NO,TRUE,,4.3,249,Home,,,,,,,,,
11,Wireless Earbuds,True wireless earbuds with active noise cancellation and touch controls.,SoundWave,electronics-general,Electronics > General,Electronics,,SNOO-011,https://snoocommerce.onrender.com/product/11,https://snoocommerce.onrender.com/product/11,https://images.unsplash.com/photo-1590658268037-6bf12f032f55?w=400&h=400&fit=crop,,,,59.99 USD,,,,in stock,adult,,unisex,,,,,new,,,NO,FALSE,,4.4,23,Electronics,,,,,,,,,
12,Cotton T-Shirt,Soft 100% organic cotton crew-neck tee in a relaxed fit.,ThreadBase,clothing-general,Apparel & Accessories > Clothing,Clothing,,SNOO-012,https://snoocommerce.onrender.com/product/12,https://snoocommerce.onrender.com/product/12,https://images.unsplash.com/photo-1521572163474-6864f9cf17ab?w=400&h=400&fit=crop,,,,24.99 USD,,,,in stock,adult,,unisex,,,,,new,,,NO,FALSE,,4.6,101,Clothing,,,,,,,,,
13,French Press Coffee Maker,"Borosilicate glass French press with stainless steel plunger for rich, full-bodied coffee.",BrewMaster,kitchen-general,Home & Garden > Kitchen,Kitchen,,SNOO-013,https://snoocommerce.onrender.com/product/13,https://snoocommerce.onrender.com/product/13,https://images.unsplash.com/photo-1572119865084-43c285814d63?w=400&h=400&fit=crop,,,,34.99 USD,,,,in stock,adult,,unisex,,,,,new,,,NO,FALSE,,4.5,194,Kitchen,,,,,,,,,
14,Sunglasses,Polarized UV400 sunglasses with lightweight acetate frames.,ShadeVault,accessories-general,Apparel & Accessories > Accessories,Accessories,,SNOO-014,https://snoocommerce.onrender.com/product/14,https://snoocommerce.onrender.com/product/14,https://images.unsplash.com/photo-1572635196237-14b3f281503f?w=400&h=400&fit=crop,,,,69.99 USD,,,,in stock,adult,,unisex,,,,,new,,,NO,FALSE,,4.2,130,Accessories,,,,,,,,,
15,Throw Blanket,"Ultra-soft knitted throw blanket in neutral tones, perfect for any couch.",CozyNest,home-general,Home & Garden > Decor,Home,,SNOO-015,https://snoocommerce.onrender.com/product/15,https://snoocommerce.onrender.com/product/15,https://images.unsplash.com/photo-1580301762395-21ce6d5d4bc4?w=400&h=400&fit=crop,,,,44.99 USD,,,,in stock,adult,,unisex,,,,,new,,,NO,FALSE,,4.8,192,Home,,,,,,,,,
16,Plant Pot Set,Set of 3 minimalist ceramic planters with drainage holes and bamboo trays.,GreenSpace,home-general,Home & Garden > Decor,Home,,SNOO-016,https://snoocommerce.onrender.com/product/16,https://snoocommerce.onrender.com/product/16,https://images.unsplash.com/photo-1485955900006-10f4d324d411?w=400&h=400&fit=crop,,,,27.99 USD,,,,in stock,adult,,unisex,,,,,new,,,NO,TRUE,,4.0,214,Home,,,,,,,,,
17,Mechanical Keyboard,Compact 75% mechanical keyboard with hot-swappable switches and RGB backlight.,KeyForge,electronics-general,Electronics > General,Electronics,,SNOO-017,https://snoocommerce.onrender.com/product/17,https://snoocommerce.onrender.com/product/17,https://images.unsplash.com/photo-1618384887929-16ec33fab9ef?w=400&h=400&fit=crop,,,,129.99 USD,,,,in stock,adult,,unisex,,,,,new,,,NO,FALSE,,4.0,196,Electronics,,,,,,,,,
18,Denim Jacket,Classic denim jacket with a modern slim fit and vintage wash.,ThreadBase,clothing-general,Apparel & Accessories > Clothing,Clothing,,SNOO-018,https://snoocommerce.onrender.com/product/18,https://snoocommerce.onrender.com/product/18,https://images.unsplash.com/photo-1551537482-f2075a1d41f2?w=400&h=400&fit=crop,,,,79.99 USD,,,,in stock,adult,,unisex,,,,,new,,,NO,FALSE,,4.4,42,Clothing,,,,,,,,,
19,Essential Oil Diffuser,Ultrasonic aromatherapy diffuser with 7-color LED light and auto shut-off.,GlowHaven,home-general,Home & Garden > Decor,Home,,SNOO-019,https://snoocommerce.onrender.com/product/19,https://snoocommerce.onrender.com/product/19,https://images.unsplash.com/photo-1608571423902-eed4a5ad8108?w=400&h=400&fit=crop,,,,39.99 USD,,,,in stock,adult,,unisex,,,,,new,,,NO,FALSE,,4.6,294,Home,,,,,,,,,
20,Resistance Bands Set,Set of 5 latex resistance bands in varying strengths with carrying bag.,ZenFit,sports-general,Sporting Goods > Exercise & Fitness,Sports,,SNOO-020,https://snoocommerce.onrender.com/product/20,https://snoocommerce.onrender.com/product/20,https://images.unsplash.com/photo-1598289431512-b97b0917affc?w=400&h=400&fit=crop,,,,19.99 USD,,,,in stock,adult,,unisex,,,,,new,,,NO,TRUE,,4.0,213,Sports,,,,,,,,,
21,Wireless Mouse,Ergonomic wireless mouse with silent clicks and adjustable DPI up to 4000.,KeyForge,electronics-general,Electronics > General,Electronics,,SNOO-021,https://snoocommerce.onrender.com/product/21,https://snoocommerce.onrender.com/product/21,https://images.unsplash.com/photo-1527864550417-7fd91fc51a46?w=400&h=400&fit=crop,,,,34.99 USD,,,,in stock,adult,,unisex,,,,,new,,,NO,FALSE,,4.0,170,Electronics,,,,,,,,,
22,Linen Shirt,Breathable linen button-down shirt perfect for warm weather.,ThreadBase,clothing-general,Apparel & Accessories > Clothing,Clothing,,SNOO-022,https://snoocommerce.onrender.com/product/22,https://snoocommerce.onrender.com/product/22,https://images.unsplash.com/photo-1596755094514-f87e34085b2c?w=400&h=400&fit=crop,,,,54.99 USD,,,,in stock,adult,,unisex,,,,,new,,,NO,FALSE,,4.6,205,Clothing,,,,,,,,,
23,Cast Iron Skillet,Pre-seasoned 12-inch cast iron skillet for stovetop and oven cooking.,IronHearth,kitchen-general,Home & Garden > Kitchen,Kitchen,,SNOO-023,https://snoocommerce.onrender.com/product/23,https://snoocommerce.onrender.com/product/23,https://images.unsplash.com/photo-1585442738733-7e3d60b58e4a?w=400&h=400&fit=crop,,,,44.99 USD,,,,in stock,adult,,unisex,,,,,new,,,NO,FALSE,,4.4,55,Kitchen,,,,,,,,,
24,Canvas Tote Bag,Durable organic cotton canvas tote with inner pocket and reinforced handles.,UrbanCarry,accessories-general,Apparel & Accessories > Accessories,Accessories,,SNOO-024,https://snoocommerce.onrender.com/product/24,https://snoocommerce.onrender.com/product/24,https://images.unsplash.com/photo-1544816155-12df9643f363?w=400&h=400&fit=crop,,,,22.99 USD,,,,in stock,adult,,unisex,,,,,new,,,NO,FALSE,,3.9,136,Accessories,,,,,,,,,
25,Face Moisturizer,Lightweight daily moisturizer with hyaluronic acid and SPF 30 protection.,PureSkin,beauty-general,Health & Beauty > Skin Care,Beauty,,SNOO-025,https://snoocommerce.onrender.com/product/25,https://snoocommerce.onrender.com/product/25,https://images.unsplash.com/photo-1556228578-0d85b1a4d571?w=400&h=400&fit=crop,,,,28.99 USD,,,,in stock,adult,,unisex,,,,,new,,,NO,FALSE,,4.6,60,Beauty,,,,,,,,,
26,Notebook Journal,A5 hardcover dotted journal with 192 pages of acid-free paper.,InkWell,office-general,Office Supplies,Office,,SNOO-026,https://snoocommerce.onrender.com/product/26,https://snoocommerce.onrender.com/product/26,https://images.unsplash.com/photo-1531346878377-a5be20888e57?w=400&h=400&fit=crop,,,,14.99 USD,,,,in stock,adult,,unisex,,,,,new,,,NO,FALSE,,4.7,71,Office,,,,,,,,,
27,Camping Hammock,Ultralight parachute nylon hammock supporting up to 400 lbs with carabiners.,TrailBound,outdoor-general,Sporting Goods > Outdoor Recreation,Outdoor,,SNOO-027,https://snoocommerce.onrender.com/product/27,https://snoocommerce.onrender.com/product/27,https://images.unsplash.com/photo-1520101244246-293f77ffc39e?w=400&h=400&fit=crop,,,,49.99 USD,,,,in stock,adult,,unisex,,,,,new,,,NO,FALSE,,4.2,252,Outdoor,,,,,,,,,
28,Puzzle Game 1000pc,1000-piece jigsaw puzzle featuring a vibrant world map illustration.,PuzzleCo,toys-general,Toys & Games,Toys,,SNOO-028,https://snoocommerce.onrender.com/product/28,https://snoocommerce.onrender.com/product/28,https://images.unsplash.com/photo-1494059980473-813e73ee784b?w=400&h=400&fit=crop,,,,18.99 USD,,,,in stock,kids,,unisex,,,,,new,,,NO,FALSE,,4.5,206,Toys,,,,,,,,,
29,USB-C Hub,"7-in-1 USB-C hub with HDMI, SD card reader, and 100W pass-through charging.",TechLink,electronics-general,Electronics > General,Electronics,,SNOO-029,https://snoocommerce.onrender.com/product/29,https://snoocommerce.onrender.com/product/29,https://images.unsplash.com/photo-1625842268584-8f3296236761?w=400&h=400&fit=crop,,,,39.99 USD,,,,in stock,adult,,unisex,,,,,new,,,NO,FALSE,,4.0,201,Electronics,,,,,,,,,
30,Wool Beanie,Chunky knit merino wool beanie with a fold-over cuff for extra warmth.,CozyNest,clothing-general,Apparel & Accessories > Clothing,Clothing,,SNOO-030,https://snoocommerce.onrender.com/product/30,https://snoocommerce.onrender.com/product/30,https://images.unsplash.com/photo-1576871337632-b9aef4c17ab9?w=400&h=400&fit=crop,,,,19.99 USD,,,,in stock,adult,,unisex,,,,,new,,,NO,FALSE,,4.1,156,Clothing,,,,,,,,,
31,Chef Knife,Professional 8-inch chef knife with high-carbon stainless steel blade.,IronHearth,kitchen-general,Home & Garden > Kitchen,Kitchen,,SNOO-031,https://snoocommerce.onrender.com/product/31,https://snoocommerce.onrender.com/product/31,https://images.unsplash.com/photo-1593618998160-e34014e67546?w=400&h=400&fit=crop,,,,69.99 USD,,,,in stock,adult,,unisex,,,,,new,,,NO,FALSE,,4.5,56,Kitchen,,,,,,,,,
32,Wall Clock,Silent sweep wall clock with natural wood frame and minimalist dial.,TimeCraft,home-general,Home & Garden > Decor,Home,,SNOO-032,https://snoocommerce.onrender.com/product/32,https://snoocommerce.onrender.com/product/32,https://images.unsplash.com/photo-1563861826100-9cb868fdbe1c?w=400&h=400&fit=crop,,,,42.99 USD,,,,in stock,adult,,unisex,,,,,new,,,NO,FALSE,,4.4,107,Home,,,,,,,,,
33,Lip Balm Set,"Organic lip balm trio in honey, rose, and mint with beeswax and shea butter.",PureSkin,beauty-general,Health & Beauty > Skin Care,Beauty,,SNOO-033,https://snoocommerce.onrender.com/product/33,https://snoocommerce.onrender.com/product/33,https://images.unsplash.com/photo-1599735362370-3b8e7ad49d82?w=400&h=400&fit=crop,,,,12.99 USD,,,,in stock,adult,,unisex,,,,,new,,,NO,TRUE,,4.4,145,Beauty,,,,,,,,,
34,Desk Organizer,"Bamboo desktop organizer with compartments for pens, phone, and sticky notes.",InkWell,office-general,Office Supplies,Office,,SNOO-034,https://snoocommerce.onrender.com/product/34,https://snoocommerce.onrender.com/product/34,https://images.unsplash.com/photo-1544816155-12df9643f363?w=400&h=400&fit=crop,,,,26.99 USD,,,,in stock,adult,,unisex,,,,,new,,,NO,FALSE,,4.0,214,Office,,,,,,,,,
35,Hiking Boots,Waterproof mid-cut hiking boots with Vibram outsole and ankle support.,TrailBound,outdoor-general,Sporting Goods > Outdoor Recreation,Outdoor,,SNOO-035,https://snoocommerce.onrender.com/product/35,https://snoocommerce.onrender.com/product/35,https://images.unsplash.com/photo-1520219306100-ec4afeeefe58?w=400&h=400&fit=crop,,,,139.99 USD,,,,in stock,adult,,unisex,,,,,new,,,NO,FALSE,,4.1,305,Outdoor,,,,,,,,,
36,Building Blocks Set,200-piece wooden building blocks in assorted shapes and colors for ages 3+.,PuzzleCo,toys-general,Toys & Games,Toys,,SNOO-036,https://snoocommerce.onrender.com/product/36,https://snoocommerce.onrender.com/product/36,https://images.unsplash.com/photo-1596461404969-9ae70f2830c1?w=400&h=400&fit=crop,,,,29.99 USD,,,,in stock,kids,,unisex,,,,,new,,,NO,TRUE,,4.1,186,Toys,,,,,,,,,
37,Portable Charger,10000mAh slim power bank with dual USB-C ports and fast charging.,TechLink,electronics-general,Electronics > General,Electronics,,SNOO-037,https://snoocommerce.onrender.com/product/37,https://snoocommerce.onrender.com/product/37,https://images.unsplash.com/photo-1609091839311-d5365f9ff1c5?w=400&h=400&fit=crop,,,,29.99 USD,,,,in stock,adult,,unisex,,,,,new,,,NO,FALSE,,4.7,48,Electronics,,,,,,,,,
38,Hoodie,Heavyweight cotton-blend pullover hoodie with kangaroo pocket.,ThreadBase,clothing-general,Apparel & Accessories > Clothing,Clothing,,SNOO-038,https://snoocommerce.onrender.com/product/38,https://snoocommerce.onrender.com/product/38,https://images.unsplash.com/photo-1556821840-3a63f95609a7?w=400&h=400&fit=crop,,,,49.99 USD,,,,in stock,adult,,unisex,,,,,new,,,NO,FALSE,,4.1,36,Clothing,,,,,,,,,
39,Cutting Board Set,Set of 3 bamboo cutting boards in graduated sizes with juice grooves.,IronHearth,kitchen-general,Home & Garden > Kitchen,Kitchen,,SNOO-039,https://snoocommerce.onrender.com/product/39,https://snoocommerce.onrender.com/product/39,https://images.unsplash.com/photo-1588165171080-c89acfa5ee83?w=400&h=400&fit=crop,,,,32.99 USD,,,,in stock,adult,,unisex,,,,,new,,,NO,TRUE,,4.6,225,Kitchen,,,,,,,,,
40,Leather Wallet,Slim bifold wallet in full-grain leather with RFID-blocking technology.,UrbanCarry,accessories-general,Apparel & Accessories > Accessories,Accessories,,SNOO-040,https://snoocommerce.onrender.com/product/40,https://snoocommerce.onrender.com/product/40,https://images.unsplash.com/photo-1627123424574-724758594e93?w=400&h=400&fit=crop,,,,49.99 USD,,,,in stock,adult,,unisex,,,,,new,,,NO,FALSE,,4.1,128,Accessories,,,,,,,,,
41,Hand Cream Set,"Nourishing hand cream trio in shea butter, aloe vera, and coconut scents.",PureSkin,beauty-general,Health & Beauty > Skin Care,Beauty,,SNOO-041,https://snoocommerce.onrender.com/product/41,https://snoocommerce.onrender.com/product/41,https://images.unsplash.com/photo-1608248543803-ba4f8c70ae0b?w=400&h=400&fit=crop,,,,18.99 USD,,,,in stock,adult,,unisex,,,,,new,,,NO,TRUE,,4.7,310,Beauty,,,,,,,,,
42,Fountain Pen,Classic fountain pen with iridium nib and piston-fill ink system.,InkWell,office-general,Office Supplies,Office,,SNOO-042,https://snoocommerce.onrender.com/product/42,https://snoocommerce.onrender.com/product/42,https://images.unsplash.com/photo-1583485088034-697b5bc54ccd?w=400&h=400&fit=crop,,,,42.99 USD,,,,in stock,adult,,unisex,,,,,new,,,NO,FALSE,,4.7,181,Office,,,,,,,,,
43,Camping Lantern,Rechargeable LED camping lantern with 3 brightness modes and 200-hour runtime.,TrailBound,outdoor-general,Sporting Goods > Outdoor Recreation,Outdoor,,SNOO-043,https://snoocommerce.onrender.com/product/43,https://snoocommerce.onrender.com/product/43,https://images.unsplash.com/photo-1510312305653-8ed496efae75?w=400&h=400&fit=crop,,,,24.99 USD,,,,in stock,adult,,unisex,,,,,new,,,NO,FALSE,,4.1,275,Outdoor,,,,,,,,,
44,Remote Control Car,High-speed RC car with 2.4GHz controller and rechargeable battery pack.,PuzzleCo,toys-general,Toys & Games,Toys,,SNOO-044,https://snoocommerce.onrender.com/product/44,https://snoocommerce.onrender.com/product/44,https://images.unsplash.com/photo-1581235707960-35f13de721b4?w=400&h=400&fit=crop,,,,39.99 USD,,,,in stock,kids,,unisex,,,,,new,,,NO,FALSE,,4.3,254,Toys,,,,,,,,,
45,Webcam HD,"1080p HD webcam with auto-focus, noise-reducing microphone, and privacy cover.",TechLink,electronics-general,Electronics > General,Electronics,,SNOO-045,https://snoocommerce.onrender.com/product/45,https://snoocommerce.onrender.com/product/45,https://images.unsplash.com/photo-1587826080692-f439cd0b70da?w=400&h=400&fit=crop,,,,54.99 USD,,,,in stock,adult,,unisex,,,,,new,,,NO,FALSE,,4.0,91,Electronics,,,,,,,,,
46,Chino Pants,Slim-fit stretch chino pants with a comfortable mid-rise waist.,ThreadBase,clothing-general,Apparel & Accessories > Clothing,Clothing,,SNOO-046,https://snoocommerce.onrender.com/product/46,https://snoocommerce.onrender.com/product/46,https://images.unsplash.com/photo-1473966968600-fa801b869a1a?w=400&h=400&fit=crop,,,,59.99 USD,,,,in stock,adult,,unisex,,,,,new,,,NO,FALSE,,4.1,307,Clothing,,,,,,,,,
47,Tea Kettle,Stainless steel stovetop kettle with ergonomic handle and whistle alert.,BrewMaster,kitchen-general,Home & Garden > Kitchen,Kitchen,,SNOO-047,https://snoocommerce.onrender.com/product/47,https://snoocommerce.onrender.com/product/47,https://images.unsplash.com/photo-1556679343-c7306c1976bc?w=400&h=400&fit=crop,,,,37.99 USD,,,,in stock,adult,,unisex,,,,,new,,,NO,FALSE,,4.4,239,Kitchen,,,,,,,,,
48,Crossbody Bag,Compact crossbody bag with adjustable strap and multiple zip compartments.,UrbanCarry,accessories-general,Apparel & Accessories > Accessories,Accessories,,SNOO-048,https://snoocommerce.onrender.com/product/48,https://snoocommerce.onrender.com/product/48,https://images.unsplash.com/photo-1548036328-c9fa89d128fa?w=400&h=400&fit=crop,,,,44.99 USD,,,,in stock,adult,,unisex,,,,,new,,,NO,FALSE,,4.7,224,Accessories,,,,,,,,,
49,Facial Serum,Vitamin C brightening serum with niacinamide for even skin tone.,PureSkin,beauty-general,Health & Beauty > Skin Care,Beauty,,SNOO-049,https://snoocommerce.onrender.com/product/49,https://snoocommerce.onrender.com/product/49,https://images.unsplash.com/photo-1620916566398-39f1143ab7be?w=400&h=400&fit=crop,,,,34.99 USD,,,,in stock,adult,,unisex,,,,,new,,,NO,FALSE,,4.2,90,Beauty,,,,,,,,,
50,Standing Desk Converter,Adjustable sit-stand desk riser with gas spring lift and keyboard tray.,LumiDesk,office-general,Office Supplies,Office,,SNOO-050,https://snoocommerce.onrender.com/product/50,https://snoocommerce.onrender.com/product/50,https://images.unsplash.com/photo-1595515106969-1ce29566ff1c?w=400&h=400&fit=crop,,,,189.99 USD,,,,in stock,adult,,unisex,,,,,new,,,NO,FALSE,,4.4,66,Office,,,,,,,,,
51,Sleeping Bag,Lightweight mummy sleeping bag rated to 30°F with compression sack.,TrailBound,outdoor-general,Sporting Goods > Outdoor Recreation,Outdoor,,SNOO-051,https://snoocommerce.onrender.com/product/51,https://snoocommerce.onrender.com/product/51,https://images.unsplash.com/photo-1504280390367-361c6d9f38f4?w=400&h=400&fit=crop,,,,79.99 USD,,,,in stock,adult,,unisex,,,,,new,,,NO,FALSE,,4.6,76,Outdoor,,,,,,,,,
52,Board Game Classic,Strategy board game for 2-6 players with beautifully illustrated tiles.,PuzzleCo,toys-general,Toys & Games,Toys,,SNOO-052,https://snoocommerce.onrender.com/product/52,https://snoocommerce.onrender.com/product/52,https://images.unsplash.com/photo-1611371805429-8b5c1b2c34ba?w=400&h=400&fit=crop,,,,24.99 USD,,,,in stock,kids,,unisex,,,,,new,,,NO,FALSE,,4.0,101,Toys,,,,,,,,,
53,Smart Watch,"Fitness smartwatch with heart rate monitor, GPS, and 7-day battery life.",TimeCraft,electronics-general,Electronics > General,Electronics,,SNOO-053,https://snoocommerce.onrender.com/product/53,https://snoocommerce.onrender.com/product/53,https://images.unsplash.com/photo-1546868871-af0de0ae72be?w=400&h=400&fit=crop,,,,199.99 USD,,,,in stock,adult,,unisex,,,,,new,,,NO,FALSE,,4.6,236,Electronics,Best Sellers,,,,,,,,
54,Bomber Jacket,Lightweight bomber jacket with ribbed cuffs and satin-finish shell.,ThreadBase,clothing-general,Apparel & Accessories > Clothing,Clothing,,SNOO-054,https://snoocommerce.onrender.com/product/54,https://snoocommerce.onrender.com/product/54,https://images.unsplash.com/photo-1591047139829-d91aecb6caea?w=400&h=400&fit=crop,,,,89.99 USD,,,,in stock,adult,,unisex,,,,,new,,,NO,FALSE,,4.4,217,Clothing,,,,,,,,,
55,Blender,High-power countertop blender with 6 stainless steel blades and 48oz jar.,BrewMaster,kitchen-general,Home & Garden > Kitchen,Kitchen,,SNOO-055,https://snoocommerce.onrender.com/product/55,https://snoocommerce.onrender.com/product/55,https://images.unsplash.com/photo-1570222094114-d054a817e56b?w=400&h=400&fit=crop,,,,64.99 USD,,,,in stock,adult,,unisex,,,,,new,,,NO,FALSE,,4.2,259,Kitchen,,,,,,,,,
56,Belt,Reversible leather belt with brushed nickel buckle — black and brown in one.,UrbanCarry,accessories-general,Apparel & Accessories > Accessories,Accessories,,SNOO-056,https://snoocommerce.onrender.com/product/56,https://snoocommerce.onrender.com/product/56,https://images.unsplash.com/photo-1553062407-98eeb64c6a45?w=400&h=400&fit=crop,,,,29.99 USD,,,,in stock,adult,,unisex,,,,,new,,,NO,FALSE,,4.4,303,Accessories,,,,,,,,,
57,Sheet Mask Pack,"Variety pack of 10 sheet masks with green tea, honey, and collagen.",PureSkin,beauty-general,Health & Beauty > Skin Care,Beauty,,SNOO-057,https://snoocommerce.onrender.com/product/57,https://snoocommerce.onrender.com/product/57,https://images.unsplash.com/photo-1596755389378-c31d21fd1273?w=400&h=400&fit=crop,,,,15.99 USD,,,,in stock,adult,,unisex,,,,,new,,,NO,TRUE,,4.7,25,Beauty,,,,,,,,,
58,Ergonomic Chair Cushion,Memory foam seat cushion with cooling gel layer and non-slip base.,LumiDesk,office-general,Office Supplies,Office,,SNOO-058,https://snoocommerce.onrender.com/product/58,https://snoocommerce.onrender.com/product/58,https://images.unsplash.com/photo-1580480055273-228ff5388ef8?w=400&h=400&fit=crop,,,,39.99 USD,,,,in stock,adult,,unisex,,,,,new,,,NO,FALSE,,4.5,78,Office,,,,,,,,,
59,Trekking Poles,Collapsible aluminum trekking poles with cork grips and tungsten tips.,TrailBound,outdoor-general,Sporting Goods > Outdoor Recreation,Outdoor,,SNOO-059,https://snoocommerce.onrender.com/product/59,https://snoocommerce.onrender.com/product/59,https://images.unsplash.com/photo-1551632811-561732d1e306?w=400&h=400&fit=crop,,,,54.99 USD,,,,in stock,adult,,unisex,,,,,new,,,NO,FALSE,,4.5,294,Outdoor,,,,,,,,,
60,Plush Stuffed Animal,"Super-soft plush bear made with hypoallergenic filling, machine washable.",PuzzleCo,toys-general,Toys & Games,Toys,,SNOO-060,https://snoocommerce.onrender.com/product/60,https://snoocommerce.onrender.com/product/60,https://images.unsplash.com/photo-1559715541-5daf8a0296d0?w=400&h=400&fit=crop,,,,16.99 USD,,,,in stock,kids,,unisex,,,,,new,,,NO,FALSE,,4.6,194,Toys,,,,,,,,,
61,Noise Machine,"White noise machine with 20 soothing sounds, timer, and compact design.",SoundWave,electronics-general,Electronics > General,Electronics,,SNOO-061,https://snoocommerce.onrender.com/product/61,https://snoocommerce.onrender.com/product/61,https://images.unsplash.com/photo-1558089687-f282ffcbc126?w=400&h=400&fit=crop,,,,44.99 USD,,,,in stock,adult,,unisex,,,,,new,,,NO,FALSE,,4.0,242,Electronics,,,,,,,,,
62,Flannel Shirt,Brushed cotton flannel shirt in a classic buffalo plaid pattern.,ThreadBase,clothing-general,Apparel & Accessories > Clothing,Clothing,,SNOO-062,https://snoocommerce.onrender.com/product/62,https://snoocommerce.onrender.com/product/62,https://images.unsplash.com/photo-1589310243389-96a5483213a8?w=400&h=400&fit=crop,,,,44.99 USD,,,,in stock,adult,,unisex,,,,,new,,,NO,FALSE,,4.0,21,Clothing,,,,,,,,,
63,Spice Rack,Rotating countertop spice rack with 16 labeled glass jars.,IronHearth,kitchen-general,Home & Garden > Kitchen,Kitchen,,SNOO-063,https://snoocommerce.onrender.com/product/63,https://snoocommerce.onrender.com/product/63,https://images.unsplash.com/photo-1532336414038-cf19250c5757?w=400&h=400&fit=crop,,,,27.99 USD,,,,in stock,adult,,unisex,,,,,new,,,NO,FALSE,,4.8,154,Kitchen,,,,,,,,,
64,Watch Box,Luxury vegan leather watch box with 6 padded slots and glass top.,TimeCraft,accessories-general,Apparel & Accessories > Accessories,Accessories,,SNOO-064,https://snoocommerce.onrender.com/product/64,https://snoocommerce.onrender.com/product/64,https://images.unsplash.com/photo-1614164185128-e4ec99c436d7?w=400&h=400&fit=crop,,,,34.99 USD,,,,in stock,adult,,unisex,,,,,new,,,NO,FALSE,,4.8,111,Accessories,,,,,,,,,
65,Sunscreen SPF 50,"Mineral sunscreen with SPF 50, reef-safe formula, and no white cast.",PureSkin,beauty-general,Health & Beauty > Skin Care,Beauty,,SNOO-065,https://snoocommerce.onrender.com/product/65,https://snoocommerce.onrender.com/product/65,https://images.unsplash.com/photo-1556228720-195a672e8a03?w=400&h=400&fit=crop,,,,16.99 USD,,,,in stock,adult,,unisex,,,,,new,,,NO,FALSE,,4.4,74,Beauty,,,,,,,,,
66,Monitor Stand,Bamboo monitor riser with storage drawer and cable management slots.,LumiDesk,office-general,Office Supplies,Office,,SNOO-066,https://snoocommerce.onrender.com/product/66,https://snoocommerce.onrender.com/product/66,https://images.unsplash.com/photo-1527443224154-c4a3942d3acf?w=400&h=400&fit=crop,,,,49.99 USD,,,,in stock,adult,,unisex,,,,,new,,,NO,FALSE,,4.7,172,Office,,,,,,,,,
67,Cooler Bag,Insulated soft cooler bag that fits 24 cans with leak-proof liner.,TrailBound,outdoor-general,Sporting Goods > Outdoor Recreation,Outdoor,,SNOO-067,https://snoocommerce.onrender.com/product/67,https://snoocommerce.onrender.com/product/67,https://images.unsplash.com/photo-1622260614153-03223fb72052?w=400&h=400&fit=crop,,,,34.99 USD,,,,in stock,adult,,unisex,,,,,new,,,NO,FALSE,,4.7,279,Outdoor,,,,,,,,,
68,Card Game Party,"Fast-paced card game for 3-10 players, perfect for game nights.",PuzzleCo,toys-general,Toys & Games,Toys,,SNOO-068,https://snoocommerce.onrender.com/product/68,https://snoocommerce.onrender.com/product/68,https://images.unsplash.com/photo-1612404730960-5c71577fca11?w=400&h=400&fit=crop,,,,14.99 USD,,,,in stock,kids,,unisex,,,,,new,,,NO,FALSE,,4.4,98,Toys,,,,,,,,,
69,Tablet Stand,Adjustable aluminum tablet and phone stand with non-slip silicone pads.,TechLink,electronics-general,Electronics > General,Electronics,,SNOO-069,https://snoocommerce.onrender.com/product/69,https://snoocommerce.onrender.com/product/69,https://images.unsplash.com/photo-1585790050230-5dd28404ccb9?w=400&h=400&fit=crop,,,,22.99 USD,,,,in stock,adult,,unisex,,,,,new,,,NO,FALSE,,4.2,102,Electronics,,,,,,,,,
70,Jogger Pants,Tapered jogger pants with elastic waistband and zippered side pockets.,ThreadBase,clothing-general,Apparel & Accessories > Clothing,Clothing,,SNOO-070,https://snoocommerce.onrender.com/product/70,https://snoocommerce.onrender.com/product/70,https://images.unsplash.com/photo-1552902865-b72c031ac5ea?w=400&h=400&fit=crop,,,,44.99 USD,,,,in stock,adult,,unisex,,,,,new,,,NO,FALSE,,4.4,291,Clothing,,,,,,,,,
71,Mixing Bowl Set,Nesting stainless steel mixing bowls in 5 sizes with non-slip bottoms.,IronHearth,kitchen-general,Home & Garden > Kitchen,Kitchen,,SNOO-071,https://snoocommerce.onrender.com/product/71,https://snoocommerce.onrender.com/product/71,https://images.unsplash.com/photo-1591261730799-ee4e6c2d16d7?w=400&h=400&fit=crop,,,,29.99 USD,,,,in stock,adult,,unisex,,,,,new,,,NO,TRUE,,4.7,185,Kitchen,,,,,,,,,
72,Silk Scarf,"Hand-printed pure silk scarf in a vibrant floral pattern, 35x35 inches.",ShadeVault,accessories-general,Apparel & Accessories > Accessories,Accessories,,SNOO-072,https://snoocommerce.onrender.com/product/72,https://snoocommerce.onrender.com/product/72,https://images.unsplash.com/photo-1601370690183-1c7796ecec61?w=400&h=400&fit=crop,,,,39.99 USD,,,,in stock,adult,,unisex,,,,,new,,,NO,FALSE,,4.3,77,Accessories,,,,,,,,,
73,Body Lotion,"Hydrating body lotion with cocoa butter and vitamin E, lightly scented.",PureSkin,beauty-general,Health & Beauty > Skin Care,Beauty,,SNOO-073,https://snoocommerce.onrender.com/product/73,https://snoocommerce.onrender.com/product/73,https://images.unsplash.com/photo-1608248597279-f99d160bfcbc?w=400&h=400&fit=crop,,,,19.99 USD,,,,in stock,adult,,unisex,,,,,new,,,NO,FALSE,,4.7,177,Beauty,,,,,,,,,
74,Whiteboard,Magnetic dry-erase whiteboard 24x36 with aluminum frame and marker tray.,InkWell,office-general,Office Supplies,Office,,SNOO-074,https://snoocommerce.onrender.com/product/74,https://snoocommerce.onrender.com/product/74,https://images.unsplash.com/photo-1532619675605-1ede6c2ed2b0?w=400&h=400&fit=crop,,,,34.99 USD,,,,in stock,adult,,unisex,,,,,new,,,NO,FALSE,,4.1,143,Office,,,,,,,,,
75,Portable Grill,Compact charcoal grill with foldable legs and stainless steel grate.,TrailBound,outdoor-general,Sporting Goods > Outdoor Recreation,Outdoor,,SNOO-075,https://snoocommerce.onrender.com/product/75,https://snoocommerce.onrender.com/product/75,https://images.unsplash.com/photo-1555939594-58d7cb561ad1?w=400&h=400&fit=crop,,,,89.99 USD,,,,in stock,adult,,unisex,,,,,new,,,NO,FALSE,,4.7,60,Outdoor,,,,,,,,,
76,Art Supply Kit,"Complete art kit with colored pencils, watercolors, brushes, and sketch pad.",PuzzleCo,toys-general,Toys & Games,Toys,,SNOO-076,https://snoocommerce.onrender.com/product/76,https://snoocommerce.onrender.com/product/76,https://images.unsplash.com/photo-1513364776144-60967b0f800f?w=400&h=400&fit=crop,,,,34.99 USD,,,,in stock,kids,,unisex,,,,,new,,,NO,TRUE,,4.0,268,Toys,,,,,,,,,
77,LED Strip Lights,16ft RGB LED strip lights with remote control and 16 color modes.,LumiDesk,electronics-general,Electronics > General,Electronics,,SNOO-077,https://snoocommerce.onrender.com/product/77,https://snoocommerce.onrender.com/product/77,https://images.unsplash.com/photo-1550535424-b498819c7faa?w=400&h=400&fit=crop,,,,19.99 USD,,,,in stock,adult,,unisex,,,,,new,,,NO,FALSE,,4.6,292,Electronics,,,,,,,,,
78,Rain Jacket,Packable waterproof rain jacket with sealed seams and adjustable hood.,TrailBound,clothing-general,Apparel & Accessories > Clothing,Clothing,,SNOO-078,https://snoocommerce.onrender.com/product/78,https://snoocommerce.onrender.com/product/78,https://images.unsplash.com/photo-1545594861-3bef43ff2fc8?w=400&h=400&fit=crop,,,,69.99 USD,,,,in stock,adult,,unisex,,,,,new,,,NO,FALSE,,4.6,85,Clothing,,,,,,,,,
79,Coffee Grinder,Conical burr coffee grinder with 18 grind settings for any brew method.,BrewMaster,kitchen-general,Home & Garden > Kitchen,Kitchen,,SNOO-079,https://snoocommerce.onrender.com/product/79,https://snoocommerce.onrender.com/product/79,https://images.unsplash.com/photo-1517701550927-30cf4ba1dba5?w=400&h=400&fit=crop,,,,44.99 USD,,,,in stock,adult,,unisex,,,,,new,,,NO,FALSE,,4.5,301,Kitchen,,,,,,,,,
80,Baseball Cap,Classic unstructured baseball cap in washed cotton with adjustable strap.,ThreadBase,accessories-general,Apparel & Accessories > Accessories,Accessories,,SNOO-080,https://snoocommerce.onrender.com/product/80,https://snoocommerce.onrender.com/product/80,https://images.unsplash.com/photo-1588850561407-ed78c334e67a?w=400&h=400&fit=crop,,,,19.99 USD,,,,in stock,adult,,unisex,,,,,new,,,NO,FALSE,,4.0,290,Accessories,,,,,,,,,
81,Hair Oil,Lightweight argan hair oil that tames frizz and adds shine without residue.,PureSkin,beauty-general,Health & Beauty > Skin Care,Beauty,,SNOO-081,https://snoocommerce.onrender.com/product/81,https://snoocommerce.onrender.com/product/81,https://images.unsplash.com/photo-1608248543803-ba4f8c70ae0b?w=400&h=400&fit=crop,,,,22.99 USD,,,,in stock,adult,,unisex,,,,,new,,,NO,FALSE,,4.7,236,Beauty,,,,,,,,,
82,Desk Calendar,Minimalist standing desk calendar with monthly view and note space.,InkWell,office-general,Office Supplies,Office,,SNOO-082,https://snoocommerce.onrender.com/product/82,https://snoocommerce.onrender.com/product/82,https://images.unsplash.com/photo-1506784365847-bbad939e9335?w=400&h=400&fit=crop,,,,12.99 USD,,,,in stock,adult,,unisex,,,,,new,,,NO,FALSE,,4.8,296,Office,,,,,,,,,
83,Headlamp,Rechargeable 350-lumen headlamp with red light mode and IPX5 waterproofing.,TrailBound,outdoor-general,Sporting Goods > Outdoor Recreation,Outdoor,,SNOO-083,https://snoocommerce.onrender.com/product/83,https://snoocommerce.onrender.com/product/83,https://images.unsplash.com/photo-1504280390367-361c6d9f38f4?w=400&h=400&fit=crop,,,,22.99 USD,,,,in stock,adult,,unisex,,,,,new,,,NO,FALSE,,4.6,122,Outdoor,,,,,,,,,
84,Marble Run Kit,120-piece marble run construction set for creative STEM play ages 5+.,PuzzleCo,toys-general,Toys & Games,Toys,,SNOO-084,https://snoocommerce.onrender.com/product/84,https://snoocommerce.onrender.com/product/84,https://images.unsplash.com/photo-1587654780291-39c9404d7dd5?w=400&h=400&fit=crop,,,,27.99 USD,,,,in stock,kids,,unisex,,,,,new,,,NO,TRUE,,4.5,224,Toys,,,,,,,,,
85,Wireless Charger,15W fast wireless charging pad compatible with all Qi-enabled devices.,TechLink,electronics-general,Electronics > General,Electronics,,SNOO-085,https://snoocommerce.onrender.com/product/85,https://snoocommerce.onrender.com/product/85,https://images.unsplash.com/photo-1586953208448-b95a79798f07?w=400&h=400&fit=crop,,,,24.99 USD,,,,in stock,adult,,unisex,,,,,new,,,NO,FALSE,,4.8,211,Electronics,,,,,,,,,
86,Polo Shirt,Piqué cotton polo shirt with a tailored fit and contrast collar tipping.,ThreadBase,clothing-general,Apparel & Accessories > Clothing,Clothing,,SNOO-086,https://snoocommerce.onrender.com/product/86,https://snoocommerce.onrender.com/product/86,https://images.unsplash.com/photo-1586363104862-3a5e2ab60d99?w=400&h=400&fit=crop,,,,34.99 USD,,,,in stock,adult,,unisex,,,,,new,,,NO,FALSE,,4.3,284,Clothing,,,,,,,,,
87,Toaster,Retro-style 2-slice toaster with extra-wide slots and 7 browning levels.,IronHearth,kitchen-general,Home & Garden > Kitchen,Kitchen,,SNOO-087,https://snoocommerce.onrender.com/product/87,https://snoocommerce.onrender.com/product/87,https://images.unsplash.com/photo-1585664811087-47f65abbad64?w=400&h=400&fit=crop,,,,39.99 USD,,,,in stock,adult,,unisex,,,,,new,,,NO,FALSE,,4.3,146,Kitchen,,,,,,,,,
88,Keychain Multitool,Compact 10-in-1 multitool keychain in stainless steel with bottle opener.,TrailBound,accessories-general,Apparel & Accessories > Accessories,Accessories,,SNOO-088,https://snoocommerce.onrender.com/product/88,https://snoocommerce.onrender.com/product/88,https://images.unsplash.com/photo-1567361808960-dec9cb578182?w=400&h=400&fit=crop,,,,14.99 USD,,,,in stock,adult,,unisex,,,,,new,,,NO,FALSE,,4.1,193,Accessories,,,,,,,,,
89,Bath Bomb Set,Box of 6 fizzy bath bombs in assorted scents with moisturizing essential oils.,GlowHaven,beauty-general,Health & Beauty > Skin Care,Beauty,,SNOO-089,https://snoocommerce.onrender.com/product/89,https://snoocommerce.onrender.com/product/89,https://images.unsplash.com/photo-1570172619644-dfd03ed5d881?w=400&h=400&fit=crop,,,,21.99 USD,,,,in stock,adult,,unisex,,,,,new,,,NO,TRUE,,3.9,303,Beauty,,,,,,,,,
90,Sticky Notes Cube,Cube of 400 pastel sticky notes in 4 colors for quick reminders.,InkWell,office-general,Office Supplies,Office,,SNOO-090,https://snoocommerce.onrender.com/product/90,https://snoocommerce.onrender.com/product/90,https://images.unsplash.com/photo-1586281380349-632531db7ed4?w=400&h=400&fit=crop,,,,9.99 USD,,,,in stock,adult,,unisex,,,,,new,,,NO,TRUE,,4.1,132,Office,,,,,,,,,
91,Dry Bag,"Roll-top 20L waterproof dry bag for kayaking, hiking, and beach trips.",TrailBound,outdoor-general,Sporting Goods > Outdoor Recreation,Outdoor,,SNOO-091,https://snoocommerce.onrender.com/product/91,https://snoocommerce.onrender.com/product/91,https://images.unsplash.com/photo-1501554728187-ce583db33af7?w=400&h=400&fit=crop,,,,19.99 USD,,,,in stock,adult,,unisex,,,,,new,,,NO,FALSE,,3.9,50,Outdoor,,,,,,,,,
92,Play Dough Set,Non-toxic play dough in 12 bright colors with shaping tools for kids 2+.,PuzzleCo,toys-general,Toys & Games,Toys,,SNOO-092,https://snoocommerce.onrender.com/product/92,https://snoocommerce.onrender.com/product/92,https://images.unsplash.com/photo-1596461404969-9ae70f2830c1?w=400&h=400&fit=crop,,,,12.99 USD,,,,in stock,kids,,unisex,,,,,new,,,NO,TRUE,,4.1,36,Toys,,,,,,,,,
93,Monitor Light Bar,Screen-mounted LED light bar with asymmetric optics to reduce glare.,LumiDesk,electronics-general,Electronics > General,Electronics,,SNOO-093,https://snoocommerce.onrender.com/product/93,https://snoocommerce.onrender.com/product/93,https://images.unsplash.com/photo-1593642702821-c8da6771f0c6?w=400&h=400&fit=crop,,,,44.99 USD,,,,in stock,adult,,unisex,,,,,new,,,NO,FALSE,,4.7,56,Electronics,,,,,,,,,
94,Swim Trunks,Quick-dry swim trunks with elastic waist and mesh liner.,ThreadBase,clothing-general,Apparel & Accessories > Clothing,Clothing,,SNOO-094,https://snoocommerce.onrender.com/product/94,https://snoocommerce.onrender.com/product/94,https://images.unsplash.com/photo-1565299624946-b28f40a0ae38?w=400&h=400&fit=crop,,,,29.99 USD,,,,in stock,adult,,unisex,,,,,new,,,NO,FALSE,,4.4,162,Clothing,,,,,,,,,
95,Baking Sheet Set,Set of 2 non-stick aluminum baking sheets with silicone mats included.,IronHearth,kitchen-general,Home & Garden > Kitchen,Kitchen,,SNOO-095,https://snoocommerce.onrender.com/product/95,https://snoocommerce.onrender.com/product/95,https://images.unsplash.com/photo-1558961363-fa8fdf82db35?w=400&h=400&fit=crop,,,,24.99 USD,,,,in stock,adult,,unisex,,,,,new,,,NO,TRUE,,4.5,129,Kitchen,,,,,,,,,
96,Umbrella,Windproof compact travel umbrella with automatic open/close and UV coating.,UrbanCarry,accessories-general,Apparel & Accessories > Accessories,Accessories,,SNOO-096,https://snoocommerce.onrender.com/product/96,https://snoocommerce.onrender.com/product/96,https://images.unsplash.com/photo-1534309466160-70b22cc6254b?w=400&h=400&fit=crop,,,,24.99 USD,,,,in stock,adult,,unisex,,,,,new,,,NO,FALSE,,4.4,262,Accessories,,,,,,,,,
97,Exfoliating Scrub,"Gentle walnut shell face scrub with aloe vera for smooth, refreshed skin.",PureSkin,beauty-general,Health & Beauty > Skin Care,Beauty,,SNOO-097,https://snoocommerce.onrender.com/product/97,https://snoocommerce.onrender.com/product/97,https://images.unsplash.com/photo-1556228578-8c89e6adf883?w=400&h=400&fit=crop,,,,17.99 USD,,,,in stock,adult,,unisex,,,,,new,,,NO,FALSE,,4.1,262,Beauty,,,,,,,,,
98,Filing Cabinet,Rolling 3-drawer metal filing cabinet with lock and integrated casters.,LumiDesk,office-general,Office Supplies,Office,,SNOO-098,https://snoocommerce.onrender.com/product/98,https://snoocommerce.onrender.com/product/98,https://images.unsplash.com/photo-1507842217343-583bb7270b66?w=400&h=400&fit=crop,,,,129.99 USD,,,,in stock,adult,,unisex,,,,,new,,,NO,FALSE,,4.6,117,Office,,,,,,,,,
99,Compass,Professional-grade liquid-filled compass with luminous dial and lanyard.,TrailBound,outdoor-general,Sporting Goods > Outdoor Recreation,Outdoor,,SNOO-099,https://snoocommerce.onrender.com/product/99,https://snoocommerce.onrender.com/product/99,https://images.unsplash.com/photo-1504280390367-361c6d9f38f4?w=400&h=400&fit=crop,,,,14.99 USD,,,,in stock,adult,,unisex,,,,,new,,,NO,FALSE,,4.0,240,Outdoor,,,,,,,,,
100,Kite,"Large rainbow delta kite with 50m line, easy to fly for kids and adults.",PuzzleCo,toys-general,Toys & Games,Toys,,SNOO-100,https://snoocommerce.onrender.com/product/100,https://snoocommerce.onrender.com/product/100,https://images.unsplash.com/photo-1601758003122-53c40e686a19?w=400&h=400&fit=crop,,,,17.99 USD,,,,in stock,kids,,unisex,,,,,new,,,NO,TRUE,,4.2,230,Toys,,,,,,,,,
